,country,city,topics,category,members,rating,geo
0,GB,London,"['Small Business', 'Work At Home', 'Freelance', 'Social', 'Coworking', 'MasterMinds', 'Professional Networking', 'Freelancers in London', 'Entrepreneurship', 'Startup Businesses', 'Networking For the Self Employed', 'Creative Freelancers', 'Independent Consultant', 'Self Employed Professionals']",tech,580,4.77,"(51.5073219, -0.1276473)"
1,GB,Cambridge,"['Freelance', 'Coworking', 'Professional Networking', 'Startup Businesses', 'Business in Cambridge UK', 'Coworkers', 'Successful Entrepreneurs', 'Business Strategy and Coworking', 'coworking space']",career/business,459,4.87,"(51.5073219, -0.1276473)"
2,GB,Maidstone,"['Professional Development', 'Freelance', 'Coworking', 'Professional Networking', 'Home-Based Business', 'Entrepreneurship', 'Entrepreneur Networking', 'Small Business Networking', 'Small Business Owners', 'Startup Businesses', 'Micro Business Owners']",career/business,98,4.91,"(51.5073219, -0.1276473)"
3,GB,Reading,"['Innovation', 'Software Development', 'New Technology', 'Freelance', 'Web Technology', 'Technology', 'Coworking', 'Entrepreneurship', 'Entrepreneur Networking', 'Startup Businesses', 'Technology Professionals', 'Creative Freelancers', 'Lean Startup', 'Technology Startups', 'Growth Hacking']",career/business,396,4.74,"(51.5073219, -0.1276473)"
4,GB,London,"['Freelance', 'Drupal', 'Coworking', 'Entrepreneurship', 'Learning Drupal', 'Coworkers', 'Drupal 7', 'Drupal Users', 'Drupal Developers', 'Drupal Modules', 'Drupal Content Administrators', 'Drupal community']",tech,44,4.8,"(51.5073219, -0.1276473)"
5,GB,London,"['Self-Improvement', 'Professional Development', 'Coworking', 'Leadership', 'Professional Networking', 'Personal Development', 'Startup Businesses', 'Inspirational Speakers']",career/business,36,0,"(51.5073219, -0.1276473)"
6,GB,London,"['Innovation', 'Coworking', 'Entrepreneurship', 'Community, Cooperation, Collaboration', 'Collaboration', 'Startup Businesses', 'Collaboration between Creative Minds', 'Knowledge Sharing', 'Collaboration and Resource Sharing', 'Technology Startups', 'Collaborative Consumption']",career/business,41,0,"(51.5073219, -0.1276473)"
7,GB,Cambridge,"['Professional Development', 'Freelance', 'Coworking', 'Professional Networking', 'Entrepreneurship', 'Entrepreneur Networking', 'Small Business Owners', 'Collaboration between Creative Minds', 'Jellies', 'Coworkers', 'start-ups', 'Business Strategy and Coworking']",career/business,181,4.93,"(51.5073219, -0.1276473)"
8,GB,Wembley,"['Business', 'Coworking', 'Professional Networking', 'Entrepreneurship', 'Small Business Owners', 'Startup Businesses', 'B2B Networking', 'Coworkers']",career/business,3,0,"(51.5073219, -0.1276473)"
9,GB,London,"['Small Business', 'Social Networking', 'Business Coaching', 'Coworking', 'Women Entrepreneurs', 'Professional Networking', 'Sustainability', 'Leadership Development', 'Small Business Owners', 'Communication Skills', 'Startup Businesses', 'Organizational Constellations', 'Collaborative', 'Sustainable Social and Economic Development', 'Executive Coaching', 'New Economy']",health/wellbeing,160,5,"(51.5073219, -0.1276473)"
10,GB,Bromley,"['Small Business', 'Work At Home', 'Web Design', 'Freelance', 'Internet Professionals', 'Coworking', 'Conversation', 'Web Development', 'Professional Networking', 'Coffee and Tea Socials', 'Home-Based Business', 'Collaboration between Creative Minds', 'Local Business', 'WordPress Small Business Web Sites']",career/business,250,4.92,"(51.5073219, -0.1276473)"
11,GB,London,"['Professional Development', 'Freelance', 'Drupal', 'Coworking', 'Web Development', 'London', 'Entrepreneurship', 'Drupal Security', 'Drupal Theming', 'Drupal Mastering', 'Drupal Users', 'Drupal Developers', 'Drupal Modules', 'Drupal themers', 'Drupal Designers']",career/business,111,4.82,"(51.5073219, -0.1276473)"
12,GB,London,"['Accounting', 'Small Business', 'Accounting Software', 'Freelance', 'Coworking', 'Contractors', 'Freelancers in London', 'Entrepreneurship', 'Startup Businesses', 'Contractor', 'Creative Freelancers', 'Small Business Accounting', 'Virtual Freelancers', 'Freelancer Networking']",career/business,361,4.67,"(51.5073219, -0.1276473)"
13,GB,Reading,"['Software Development', 'Freelance', 'Coworking', 'Web Development', 'Mobile Technology', 'Entrepreneurship', 'Entrepreneur Networking', 'Startup Businesses', 'Creative Freelancers', 'SaaS (Software as a Service)', 'Technology Startups', 'Internet Startups', 'Co-working Space', 'Freelancer Networking']",tech,155,5,"(51.5073219, -0.1276473)"
14,GB,Norwich,"['Small Business', 'Innovation', 'Social Networking', 'Freelance', 'Coworking', 'Professional Networking', 'Entrepreneurship', 'Entrepreneur Networking', 'Co-Creation', 'Startup Businesses', 'Creative Freelancers', 'Creativity', 'Creative Industries']",career/business,70,5,"(51.5073219, -0.1276473)"
15,GB,Bournemouth,"['Small Business', 'Work At Home', 'Freelance', 'Coworking', 'Entrepreneurship', 'Jelly', 'Coworkers', 'Co-working Space']",career/business,83,5,"(51.5073219, -0.1276473)"
16,GB,London,"['Small Business', 'Work At Home', 'Freelance', 'Coworking', 'Entrepreneurship', 'Small Business Networking', 'Creative Freelancers', 'Collaboration between Creative Minds', 'Small and Home-Based Business Networking', 'Co-working Space', 'Freelancer Networking']",career/business,402,4.86,"(51.5073219, -0.1276473)"
17,GB,London,"['Social Networking', 'Freelance', 'Coworking', 'Professional Networking', 'Freelancers in London', 'Jobs', 'Startup Businesses', 'Creative Freelancers', 'Remote Workers', 'Technology Startups', 'Freelancer Networking']",career/business,103,0,"(51.5073219, -0.1276473)"
18,GB,Bromsgrove,"['Freelance', 'Coworking', 'Entrepreneurship', 'Co Working', 'Startup Businesses', 'Business Strategy and Coworking']",career/business,88,5,"(51.5073219, -0.1276473)"
19,GB,Oxford,"['Work At Home', 'Web Design', 'Freelance', 'Internet Professionals', 'Creative Circle', 'Coworking', 'Creative Writing', 'Web Development', 'Artists', 'Writing', 'Creative Freelancers', 'Collaboration between Creative Minds', 'Creativity', 'Co-working Space']",fine arts/culture,285,5,"(51.5073219, -0.1276473)"
20,GB,Worthing,"['Work At Home', 'Network Marketing', 'Work at Home Moms', 'Freelance', 'Coworking', 'Business Referral Networking', 'Professional Networking', 'Business Strategy', 'work at home parents', 'Home-Based Business', 'Creative Freelancers', 'Collaboration between Creative Minds', 'Co-working Space', 'Freelancer Networking']",career/business,151,4.91,"(51.5073219, -0.1276473)"
21,GB,London,"['Small Business', 'Freelance', 'Coworking', 'Professional Networking', 'Contractors', 'London', 'Entrepreneurship', ""Women's Business Networking"", 'Startup Businesses', 'Contractor', 'Creative Freelancers', 'Virtual Freelancers', 'Independent Professionals', 'Freelancer Networking']",career/business,377,0,"(51.5073219, -0.1276473)"
22,GB,London,"['Photography', 'Web Design', 'Indie Films', 'Live Music', 'Architecture', 'New Technology', 'Nutrition', 'Wellness', 'Coworking', 'Performing Arts', 'Startup Businesses', 'Cultural Activities', 'Collaboration between Creative Minds', 'Technology Startups']",fine arts/culture,316,0,"(51.5073219, -0.1276473)"
23,GB,London,"['Work At Home', 'New Career', 'Freelance', 'Coworking', 'Freelancers in London', 'Entrepreneurship', 'Career', 'Creative Freelancers', 'Virtual Freelancers', 'Coworkers', 'Freelance Content Writers', 'Freelance Communication & Marketing Professionals', 'Co-working Space', 'Freelancer Networking']",career/business,331,4.93,"(51.5073219, -0.1276473)"
24,GB,London,"['Work At Home', 'Freelance', 'Coworking', 'Women Entrepreneurs', 'Professional Networking', 'Entrepreneurship', 'Startup Businesses', 'Creative Freelancers', 'Remote Workers', 'start-ups', 'Freelancer Networking']",career/business,126,4.5,"(51.5073219, -0.1276473)"
25,GB,Redhill,"['Small Business', 'Work At Home', 'Freelance', 'Coworking', 'Entrepreneurship', 'Startup Businesses', 'Bootstrapping Your Business', 'Lean Startup', 'Technology Startups', 'micropreneurs', 'Software Developer Micropreneurs', 'Bootstrapped Startups', 'Self-funded Startups', 'Bootstrappers', 'Solo entrepreneur']",career/business,102,5,"(51.5073219, -0.1276473)"
26,GB,Cambridge,"['Small Business', 'Freelance', 'Coworking', 'Contractors', 'Freelancers in London', 'Entrepreneurship', 'Startup Businesses', 'Contractor', 'Creative Freelancers', 'Virtual Freelancers', 'Freelancer Networking']",career/business,78,0,"(51.5073219, -0.1276473)"
27,GB,Leicester,"['Small Business', 'Freelance', 'Coworking', 'Contractors', 'Startup Businesses', 'Contractor', 'Creative Freelancers', 'Virtual Freelancers', 'Freelancer Networking']",career/business,98,0,"(51.5073219, -0.1276473)"
28,GB,Reading,"['Small Business', 'Freelance', 'Coworking', 'Professional Networking', 'Contractors', 'Business Strategy', 'Startup Businesses', 'Contractor', 'Creative Freelancers', 'Virtual Freelancers', 'Freelancer Networking']",career/business,201,0,"(51.5073219, -0.1276473)"
29,GB,London,"['Small Business', 'Economics', 'Coworking', 'Professional Networking', 'Business Strategy', 'London', 'Entrepreneurship', 'Entrepreneur Networking', 'Collaboration between Creative Minds', 'Creativity', 'Creative Industries', 'The development of the creative industries']",career/business,408,0,"(51.5073219, -0.1276473)"
30,GB,Folkestone,"['Small Business', 'New In Town', 'Professional Development', 'Social Networking', 'Social', 'Coworking', 'Young Professionals', 'Professional Networking', 'Entrepreneurship', 'Entrepreneur Networking', 'Startup Businesses', 'Creative Freelancers', 'Socialising after Work']",career/business,52,0,"(51.5073219, -0.1276473)"
31,GB,Horsham,"['Graphic Design', 'Software Development', 'New Technology', 'Web Technology', 'Creative Circle', 'Coworking', 'Entrepreneurship', 'Entrepreneur Networking', 'Collaboration between Creative Minds', 'Creativity', 'Technology Startups', 'Co-working Space']",tech,59,4.5,"(51.5073219, -0.1276473)"
32,GB,Oxford,"['Java', 'PHP', 'Open Source', 'Web Design', 'JavaScript', 'New Technology', 'Freelance', 'Internet Professionals', 'Web Technology', 'Coworking', 'Web Development', 'Startup Businesses', 'CMS (Content Management Systems)', 'Computer programming', 'Mobile App Development']",tech,159,0,"(51.5073219, -0.1276473)"
33,GB,Cheltenham,"['Work At Home', 'Innovation', 'New Technology', 'Freelance', 'Web Technology', 'Coworking', 'Conversation', 'Community Building', 'Startup Businesses', 'Creative Freelancers', 'Collaboration between Creative Minds', 'Creativity', 'Self Employment', 'Design Thinking', 'Creative Collaboration']",career/business,35,4.75,"(51.5073219, -0.1276473)"
34,GB,London,"['Work At Home', 'Freelance', 'Coworking', 'Freelancer Networking']",career/business,35,0,"(51.5073219, -0.1276473)"
35,GB,London,"['Small Business', 'Work At Home', 'Freelance', 'Coworking', 'Entrepreneurship', 'Creative Freelancers', 'Collaboration between Creative Minds']",career/business,62,0,"(51.5073219, -0.1276473)"
36,GB,London,"['Small Business', 'Software Development', 'New Technology', 'Freelance', 'Coworking', 'Web Development', 'Talent', 'Startup Businesses', 'Creative Freelancers', 'Help for Business Startups', 'Lean Startup', 'Technology Startups', 'Co-working Space', 'Freelancer Networking']",career/business,75,0,"(51.5073219, -0.1276473)"
37,GB,St Ives,"['Business', 'Business Coaching', 'Coworking', 'Social Media', 'Business Referral Networking', 'Professional Networking', 'Business Strategy', 'Entrepreneurship', 'Small Business Networking', 'Small Business Owners', ""Women's Business Networking"", 'Startup Businesses', 'Business Meetup', 'B2B Networking', 'Internet Startups']",career/business,28,4.8,"(51.5073219, -0.1276473)"
38,GB,Cheltenham,"['Innovation', 'Software Development', 'Freelance', 'Coworking', 'Entrepreneurship', 'Co Working', 'Agile Project Management', 'Startup Businesses', 'Creative Freelancers', 'Creativity', 'Lean Startup', 'Computer programming', 'start-ups', 'Co-working Space']",career/business,54,0,"(51.5073219, -0.1276473)"
39,GB,London,"['Small Business', 'Freelance', 'Business Intelligence', 'Business', 'Coworking', 'Freelancers in London', 'Entrepreneurship', 'Creative Freelancers', 'Coworkers', 'Business Strategy and Coworking', 'Co-working Space']",career/business,16,0,"(51.5073219, -0.1276473)"
40,GB,London,"['Work At Home', 'Software Development', 'New Technology', 'Freelance', 'Web Technology', 'Technology', 'Coworking', 'Mobile Technology', 'Contractors', 'Business Strategy', 'Startup Businesses', 'Contractor', 'Creative Freelancers', 'Freelancer Networking']",career/business,198,0,"(51.5073219, -0.1276473)"
41,GB,London,"['Work At Home', 'Coworking', 'Creative Freelancers', 'Digital Lifestyle', 'Global Nomad', 'TCK', 'Coworkers', 'Location Independent Businesses', 'Co-working Space', 'Digital Nomads', 'Work rest and play', 'Motivational surroundings', 'nomads', 'Unconventional Businesses']",career/business,36,0,"(51.5073219, -0.1276473)"
42,GB,London,"['Small Business', 'Work At Home', 'Freelance', 'Business', 'Coworking', 'Freelancers in London', 'London', 'Entrepreneurship', 'Co Working', 'Startup Businesses', 'Solopreneurs', 'Coworkers', 'start-ups', 'Co-working Space']",career/business,182,0,"(51.5073219, -0.1276473)"
43,GB,London,"['Small Business', 'Meditation', 'Self-Improvement', 'Social Networking', 'Freelance', 'Coworking', 'Professional Networking', 'Multicultural', 'Entrepreneurship', 'Startup Businesses', 'Networking For the Self Employed', 'Mindfulness Meditation', 'Mixed heritage', 'Multiracial', 'Mixed Race Men']",language/ethnic identity,8,0,"(51.5073219, -0.1276473)"
44,GB,Wing,"['Small Business', 'Work At Home', 'Freelance', 'Coworking', 'work at home parents', 'Home-Based Business', 'Startup Businesses', 'Creative Freelancers', 'Collaboration between Creative Minds', 'Work at Home & Work at Home Moms', 'Working from Home Effectively', 'Coworkers', 'Freelance Communication & Marketing Professionals', 'Freelancer Networking']",career/business,124,0,"(51.5073219, -0.1276473)"
45,GB,Port Solent,"['Graphic Design', 'Freelance', 'Coworking', 'Entrepreneurship', 'Startup Businesses', 'Creative Freelancers', 'Virtual Freelancers', 'Freelance Translation', 'Freelance Trainers', 'Freelance Content Writers', 'Freelance Communication & Marketing Professionals', 'Freelance Journalists', 'women freelance writers', 'Freelance Editors', 'Freelancer Networking']",career/business,28,0,"(51.5073219, -0.1276473)"
46,GB,London,"['Web Design', 'Freelance', 'Coworking', 'Entrepreneurship', 'Entrepreneur Networking', 'Networking For the Self Employed', 'Creative Freelancers', 'Networking for Entrepreneurs', 'Self Employed Professionals', 'Co-working Space']",career/business,12,0,"(51.5073219, -0.1276473)"
47,DE,Berlin,"['Work At Home', 'Freelance', 'Coworking', 'Business Owners', 'Professional Networking', 'Entrepreneurship', 'Entrepreneur Networking', 'Small Business Networking', 'Small Business Owners', 'Startup Businesses', 'Creative Freelancers', 'B2B Networking']",career/business,1076,4.74,"(52.5170365, 13.3888599)"
48,DE,Berlin,"['Work At Home', 'Live Music', 'Freelance', 'Illustration', 'Coworking', 'Copywriting', 'Creative Freelancers', 'Collaboration between Creative Minds', 'Creativity', 'Freelance Translation', 'Creative Industries', 'Freelance Content Writers', 'Freelance Journalists', 'Freelance Editors']",career/business,137,4.75,"(52.5170365, 13.3888599)"
49,DE,Berlin,"['Internet Professionals', 'Coworking', 'Web Development', 'Creative Freelancers', 'Remote Workers']",tech,257,4.38,"(52.5170365, 13.3888599)"
50,DE,Berlin,"['Freelance', 'Technology', 'Social', 'Coworking', 'Professional Networking', 'Jobs', 'Startup Businesses', 'Creative Freelancers', 'Remote Workers', 'Technology Startups', 'Freelancer Networking']",career/business,640,4.76,"(52.5170365, 13.3888599)"
51,DE,Berlin,"['Freelance', 'Coworking', 'Entrepreneurship', 'Entrepreneur Networking', 'Co Working', 'Startup Businesses', 'Jelly', 'Creative Freelancers', 'Jellies', 'Coworkers', 'Shared Workspace', 'Co-working Space']",career/business,681,4.68,"(52.5170365, 13.3888599)"
52,DE,Berlin,"['Meditation', 'Innovation', 'Self-Improvement', 'Professional Development', 'Coworking', 'Mindfulness', 'Guided Meditation', 'Startup Businesses', 'Mindfulness Meditation']",career/business,54,0,"(52.5170365, 13.3888599)"
53,DE,Brandenburg,"['Gardening', 'Camping', 'Hiking', 'Walking', 'Live Music', 'DIY (Do It Yourself)', 'Coworking', 'Outdoors', 'Adventure', 'Artists', 'Backpacking', 'Creative Freelancers', 'Collaboration between Creative Minds', 'Co-working Space', 'coworking space']",outdoors/adventure,17,0,"(52.5170365, 13.3888599)"
54,DE,Berlin,"['Work At Home', 'Web Design', 'Graphic Design', 'Marketing', 'Freelance', 'Coworking', 'Small Business Marketing Strategy', 'Branding', 'Brand Design', 'Entrepreneur Networking', 'Startup Businesses', 'Creative Freelancers', 'Collaboration between Creative Minds', 'Co-working Space', 'Freelancer Networking']",career/business,187,0,"(52.5170365, 13.3888599)"
55,DE,Berlin,"['Getting Things Done', 'Freelance', 'Coworking', 'Success', 'Motivation', 'Personal Development', 'Entrepreneurship', 'Startup Businesses', 'Getting Organized', 'Productivity', 'Achieving Goals', 'start-ups', 'Business Strategy and Coworking', 'Co-working Space', 'coworking space']",career/business,232,5,"(52.5170365, 13.3888599)"
56,DE,Berlin,"['Social Networking', 'Freelance', 'Crafts', 'Wellness', 'Creative Circle', 'Coworking', 'Culture', 'Healthy Living', 'Collaboration', 'Creativity Art', 'Productivity', 'Creative Freelancers', 'Collaboration between Creative Minds', 'Creativity']",fine arts/culture,164,4.82,"(52.5170365, 13.3888599)"
57,DE,Berlin,"['Self-Improvement', 'Professional Development', 'Unternehmer', 'Freiberufler', 'Coworking', 'Professional Networking', 'Business Strategy', 'Entrepreneurship', 'Entrepreneur Networking', 'Startup Businesses', 'Unternehmensgründung', 'Entrepeneur', 'Selbständigkeit', 'Netzwerken', 'Prenzlauer Berg']",career/business,249,4.93,"(52.5170365, 13.3888599)"
58,DE,Berlin,"['Reporters and Journalists', 'Expat', 'Freelance', 'Language & Culture', 'Coworking', 'Professional Networking', 'Entrepreneurship', 'Journalism', 'International Friends', 'Future of Journalism', 'Culture Exchange', 'Freelance Journalists', 'Digital Journalism', 'Freelance Editors', 'Freelancer Networking']",career/business,46,0,"(52.5170365, 13.3888599)"
59,DE,Berlin,"['Graphic Design', 'Software Development', 'Freelance', 'Coworking', 'Web Development', 'Business Strategy', 'Startup Businesses', 'UX Design', 'User Interface Design', 'UI Design', 'Technology Startups', 'Mobile User Experience', 'coworking space']",tech,126,4.5,"(52.5170365, 13.3888599)"
60,DE,Berlin,"['Freelance', 'Coworking', 'Professional Networking', 'Entrepreneurship', 'Startup Businesses', 'Lean Startup', 'Technology Startups', 'Freelancer Networking']",career/business,50,0,"(52.5170365, 13.3888599)"
61,ES,Barcelona,"['Social Networking', 'Community Organizations', 'Coworking', 'Community', 'Community Outreach', 'People Helping People', 'Community Building', 'Collaboration', 'Barcelona', 'Skills exchange', 'Knowledge Sharing', 'Meeting new people in Barcelona']",community/environment,245,3.83,"(41.3825596, 2.1771353)"
62,ES,Barcelona,"['Live Music', 'Freelance', 'Coworking', 'Business Strategy', 'Entrepreneur Networking', 'Startup Businesses', 'Cultural Activities', 'Collaboration between Creative Minds', 'Creativity', 'Makers', 'Brainstorming Ideas', 'Designers', 'Makerspaces', 'Co-working Space', 'hackerspace']",hobbies/crafts,1631,4.31,"(41.3825596, 2.1771353)"
63,ES,Barcelona,"['Graphic Design', 'Live Music', 'New Technology', 'Coworking', 'Professional Networking', 'Sustainability', 'Entrepreneurship', 'Fashion Design', 'Creative Freelancers', 'Collaboration between Creative Minds', 'Visual Arts', 'Creative Industries', 'Gamification']",fine arts/culture,200,0,"(41.3825596, 2.1771353)"
64,ES,Barcelona,"['Coworking', 'Professional Networking', 'Business Strategy', 'Entrepreneurship', 'Internet Startup Idea Group', 'Startup Businesses', 'Help for Business Startups', 'Lean Startup', 'Startup Pitching', 'Coworkers', 'Technology Startups', 'Internet Startups']",career/business,350,4.37,"(41.3825596, 2.1771353)"
65,ES,Barcelona,"['Work At Home', 'Freelance', 'Coworking', 'Entrepreneurship', 'Startup Businesses', 'Creative Freelancers', 'Remote Workers', 'Freelancer Networking', 'Digital Nomads']",career/business,1012,4.9,"(41.3825596, 2.1771353)"
66,ES,Barcelona,"['Work At Home', 'Freelance', 'Coworking', 'Professional Networking', 'Vacations', 'Entrepreneurship', 'Startup Businesses', 'Weekend Getaways', 'Coworkers', 'start-ups', 'Business Strategy and Coworking', 'Sitges networking', 'coworking space', 'Hostel']",career/business,120,0,"(41.3825596, 2.1771353)"
67,ES,Barcelona,"['Coworking', 'Web Development', 'Talent', 'Startup Businesses', 'Learn How to Trade Equity Options', 'Andriod', 'WordPress Users', 'iOS Development', 'Internet Startups', 'A community Where Private Equity Investors Meet']",career/business,51,0,"(41.3825596, 2.1771353)"
68,ES,Mataró,"['Open Source', 'Web Design', 'Ruby', 'Freelance', 'Web Technology', 'Technology', 'Coworking', 'Web Development', 'Courses and Workshops', 'Ruby On Rails', 'Emprendedores', 'HTML5', 'Programacion']",tech,60,0,"(41.3825596, 2.1771353)"
69,ES,Barcelona,"['Innovation', 'New Technology', 'Freelance', 'Web Technology', 'Coworking', 'Entrepreneurship', 'Startup Businesses', 'Creative Freelancers', 'Business Innovation', 'Business Model Innovation', 'Design Thinking', 'Technology Startups', 'Internet Startups', 'Co-working Space']",career/business,156,5,"(41.3825596, 2.1771353)"
70,ES,Barcelona,"['Open Source', 'Self-Improvement', 'New Technology', 'Coworking', 'Professional Networking', 'Business Strategy', 'Entrepreneurship', 'Computer programming', 'Internet Startups', 'Co-working Space']",tech,227,0,"(41.3825596, 2.1771353)"
71,ES,Barcelona,"['Small Business', 'Work At Home', 'E-Business Owners', 'Freelance', 'Coworking', 'Women Entrepreneurs', 'Entrepreneurship', 'Startup Businesses', 'Creative Freelancers', 'Freelance Content Writers', 'Freelance Communication & Marketing Professionals', 'Technology Startups', 'Freelance Editors', 'Freelancer Networking']",career/business,255,5,"(41.3825596, 2.1771353)"
72,ES,Barcelona,"['Interaction Design', 'DIY (Do It Yourself)', 'Coworking', 'User Experience', 'Digital Fabrication', 'Arduino', 'Makers', 'Computer programming', 'CNC', 'Makerspaces', '3D Printing', 'Laser Cutting', 'start-ups', 'Co-working Space', 'fablabs']",tech,257,0,"(41.3825596, 2.1771353)"
73,ES,Barcelona,"['Small Business', 'Work At Home', 'Freelance', 'Coworking', 'Women Entrepreneurs', 'Professional Networking', 'Entrepreneurship', 'Entrepreneur Networking', 'Small Business Networking', 'Startup Businesses', 'Creative Freelancers', 'Business to Business Network Marketing', 'Coworkers', 'Freelancer Networking']",career/business,229,5,"(41.3825596, 2.1771353)"
74,ES,Barcelona,"['New In Town', 'Social Networking', 'Internet Professionals', 'Coworking', 'Building an Online Business', 'Professional Networking', 'Entrepreneurship', 'Entrepreneur Networking', 'Startup Businesses', 'Creative Freelancers', 'Remote Workers', 'Virtual Freelancers', 'Location Independent Businesses', 'Freelancer Networking', 'Digital Nomads']",career/business,215,4.92,"(41.3825596, 2.1771353)"
75,ES,Barcelona,"['Musicians', 'Digital Art', 'Social Networking', 'Social', 'Coworking', 'Wine Lovers', 'Artists', 'Creative Freelancers', 'Blogging', 'Coworkers', 'Digital Nomads']",career/business,50,0,"(41.3825596, 2.1771353)"
76,ES,Vilanova i la Geltrú,"['Robotics', 'Electronics', 'DIY (Do It Yourself)', 'Coworking', 'Fiber Arts', 'Self-Empowerment', 'Arduino', 'Makers', 'Makerspaces', 'DIY Technology', 'Drones']",hobbies/crafts,11,0,"(41.3825596, 2.1771353)"
77,ES,Barcelona,"['Self-Improvement', 'Law of Attraction', 'Professional Development', 'Coworking', 'Personal Development', 'Entrepreneurship', 'Collaboration', 'Self Exploration', 'Collaboration between Creative Minds', 'Self-Empowerment', 'Inteligencia emocional', 'Knowledge Sharing', 'Inteligencia Financiera', 'Emprendimiento', 'Emprendimiento social']",health/wellbeing,50,2,"(41.3825596, 2.1771353)"
78,ES,Barcelona,"['Environment', 'New Technology', 'Freelance', 'Coworking', 'Sustainability', 'Entrepreneur Networking', 'San Francisco', 'Green Entrepreneurs', 'Social Entrepreneurship', 'Going Green', 'Knowledge Sharing', 'Projets engagés & citoyens', 'Projets environnementaux & développement durable', 'Entrepreneuriat écologique et social', 'Economie Collaborative']",community/environment,56,0,"(41.3825596, 2.1771353)"
79,CZ,Prague,"['Coworking', 'Professional Networking', 'Communication', 'Business Growth', 'Business Strategy', 'International Friends', 'Prague', 'Foreigners in Prague']",career/business,1477,4.83,"(50.0874401, 14.4212556)"
80,CZ,Prague,"['Coworking', 'Movie Nights', ""Texas Hold 'em"", 'Dinner and a Movie', 'Game Night', 'Cooking', 'Pub Nights', 'Freelancers in Prague']",games,466,4.9,"(50.0874401, 14.4212556)"
81,CZ,Prague,"['Procrastinators', 'Professional Development', 'Freelance', 'Coworking', 'Creative Writing', 'MasterMinds', 'Personal Development', 'Writing', 'Time Management', 'Entrepreneurship', 'Productivity', 'Remote Workers', 'Time Management & Personal Productivity', 'Digital Nomads']",career/business,564,4.84,"(50.0874401, 14.4212556)"
82,CZ,Prague,"['Freelance', 'Coworking', 'Entrepreneurship', 'Startup Businesses', 'Jelly', 'Solopreneurs', 'Jellies', 'Shared Workspace']",career/business,247,4.75,"(50.0874401, 14.4212556)"
83,CZ,Prague,"['Freelance', 'Coworking', 'Living Abroad', 'Global Nomad', 'Micro Entrepreneurs', '4 Hour Work Week', 'Expatriates in Prague', 'Location Independent Businesses', 'micropreneurs', 'Foreigners in Prague', 'Four Hour Workweek', 'Digital Nomads', 'nomads', 'Bootstrappers', 'Solo entrepreneur']",career/business,32,0,"(50.0874401, 14.4212556)"
84,IT,Bergamo,"['Innovation', 'New Technology', 'Leisure', 'Arte', 'Crescita Personale', 'Coworking', 'Energie Rinnovabili', 'Entrepreneurship', 'Culture', 'Sviluppo', 'Giovani', 'Economia e Finanza', 'Impresa', 'start-ups', 'Iniziative']",community/environment,25,0,"(45.4667971, 9.1904984)"
85,IT,Torino,"['Small Business', 'Work At Home', 'Freelance', 'Coworking', 'Professional Networking', 'Entrepreneurship', 'Startup Businesses', 'Creative Freelancers', 'Collaboration between Creative Minds', 'Virtual Freelancers', 'Freelance Communication & Marketing Professionals', 'Freelancer Networking']",career/business,72,0,"(45.4667971, 9.1904984)"
86,HU,Budapest,"['Travel', 'Social Networking', 'Freelance', 'Social', 'Coworking', 'Adventure', 'Entrepreneurship', 'Collaboration between Creative Minds', 'Digital Lifestyle', 'Global Nomad', '4 Hour Work Week', 'Location Independent Businesses', 'Digital Nomads', 'nomads', 'Unconventional Businesses']",career/business,267,5,"(47.4983815, 19.0404707)"
87,SK,Bratislava,"['Small Business', 'Work At Home', 'Freelance', 'Coworking', 'Professional Networking', 'Business Strategy', 'Entrepreneurship', 'Startup Businesses', 'Creative Freelancers', 'Internet Startups']",career/business,124,0,"(47.4983815, 19.0404707)"
88,HU,Budapest,"['Coworking', 'Online Marketing', 'Entrepreneurship', 'Startup Businesses', 'Lean Startup', 'Customer Acquisition', 'Startup marketing', 'Lean Marketing', 'Freelancer Networking', 'Agile Marketing', 'Growth Hacking']",career/business,74,0,"(47.4983815, 19.0404707)"
89,HU,Budapest,"['Small Business', 'Work At Home', 'Freelance', 'Coworking', 'Professional Networking', 'Entrepreneurship', 'Startup Businesses', 'Creative Freelancers', 'Creativity', 'Coworkers', 'start-ups', 'Business Strategy and Coworking', 'Co-working Space', 'coworking space']",career/business,139,0,"(47.4983815, 19.0404707)"
90,NL,Amsterdam,"['Web Design', 'Marketing', 'Web Technology', 'Coworking', 'Mobile Technology', 'Entrepreneurship', 'Creative Freelancers', 'UX Design', 'Technology Startups']",tech,3,0,"(52.374436, 4.8979956033677)"
91,NL,Amsterdam,"['Graphic Design', 'Software Development', 'New Technology', 'Freelance', 'Coworking', 'Copywriting', 'Entrepreneurship', 'Mobile Development', 'Creative Freelancers', 'Virtual Freelancers', 'Creative Industries', 'Technology Startups', 'Shared Workspace', 'Co-working Space']",career/business,35,0,"(52.374436, 4.8979956033677)"
92,DE,Düsseldorf,"['Social Networking', 'Freelance', 'Social', 'Coworking', 'Business Strategy', 'Entrepreneurship', 'Startup Businesses', 'Social Innovation', 'Creative Freelancers', 'Lean Startup', 'Technology Startups', 'Co-working Space', 'coworking space', 'Digital Nomads', 'Unconventional Businesses']",career/business,370,4.73,"(52.374436, 4.8979956033677)"
93,NL,Amsterdam,"['Work At Home', 'Social Networking', 'Freelance', 'Coworking', 'Professional Networking', 'Entrepreneurship', 'Startup Businesses', 'Creative Freelancers', 'Freelance Content Writers', 'Freelance Communication & Marketing Professionals', 'Technology Startups', 'coworking space', 'Freelancer Networking']",career/business,127,0,"(52.374436, 4.8979956033677)"
94,NL,Amsterdam,"['Graphic Design', 'Product Design', 'Professional Development', 'Social Networking', 'Freelance', 'Interaction Design', 'Creative Circle', 'Business', 'Coworking', 'Professional Networking', 'Business Ideas', 'Entrepreneurship', 'Startup Businesses', 'Collaboration between Creative Minds', 'Netwerken']",career/business,205,5,"(52.374436, 4.8979956033677)"
95,DE,Köln,"['Small Business', 'Freelance', 'Coworking', 'Professional Networking', 'Presentations', 'Seminars', 'Entrepreneurship', 'Courses and Workshops', 'Startup Businesses', 'Creative Freelancers', 'Private Equity', 'start-ups', 'Business Strategy and Coworking', 'coworking space']",career/business,99,0,"(52.374436, 4.8979956033677)"
96,DE,Köln,"['Photography', 'Interior Design', 'Coworking', 'Presentations', 'Communication', 'Courses and Workshops', 'Exhibitions', 'Art Galleries', 'Creativity', 'Blogging', 'Creative Projects']",career/business,152,5,"(52.374436, 4.8979956033677)"
97,DE,Düsseldorf,"['New Technology', 'Coworking', 'Makers', 'Smart Home', 'Internet of Things', 'machine-to-machine', 'Makerspaces', 'M2M Devices', 'Sensors', 'IOT hacking', 'Smart Sensors', 'M2M']",tech,82,4,"(52.374436, 4.8979956033677)"
98,NL,Amsterdam,"['Small Business', 'Work At Home', 'Freelance', 'Coworking', 'Professional Networking', 'Entrepreneurship', 'Startup Businesses', 'Creative Freelancers', 'Coworkers', 'start-ups', 'Business Strategy and Coworking', 'Co-working Space', 'coworking space', 'coworking artistic space']",career/business,16,0,"(52.374436, 4.8979956033677)"
99,NL,Amsterdam,"['Education & Technology', 'Coworking', 'Entrepreneurship', 'Courses and Workshops', 'Startup Businesses', 'Social Innovation', 'Social Entrepreneurship', 'Creativity', 'Workshop']",career/business,207,4.4,"(52.374436, 4.8979956033677)"
100,NL,Den Haag,"['Small Business', 'Freelance', 'Coworking', 'Professional Networking', 'Entrepreneurship', 'Startup Businesses', 'Creative Freelancers', 'Social Entrepreneurship', 'Thinktank', 'Lean Startup', 'Sustainability & Sustainable Community Building', 'Technology Startups', 'Co-working Space', 'Freelancer Networking', 'problemsolving']",career/business,1,0,"(52.374436, 4.8979956033677)"
101,NO,Oslo,"['Digital Photography', 'Photography', 'Graphic Design', 'Self-Improvement', 'Freelance', 'Creative Circle', 'Coworking', 'Professional Networking', 'Artists', 'Writing', 'Creative Freelancers', 'Collaboration between Creative Minds', 'Creativity', 'Makers']",fine arts/culture,197,4.98,"(59.9132694, 10.7391112)"
102,DK,Copenhagen,"['Innovation', 'New Technology', 'Coworking', 'Entrepreneurship', 'Hacking', 'Startup Businesses', 'Makers', 'Makerspaces', 'Technology Startups', 'Co-working Space', 'hackerspace', 'Hackers and Makers']",tech,200,3.5,"(55.6867243, 12.5700724)"
103,FI,Helsinki,"['New Technology', 'Coworking', 'Play', 'Creativity', 'Makers', 'Makerspaces', 'Hackers and Makers']",tech,78,4.5,"(60.1666277, 24.9435079)"
104,FI,Sipoo,"['Small Business', 'Freelance', 'Coworking', 'Professional Networking', 'Entrepreneurship', 'Home office', 'Home Office and Telecommuting Professionals', 'Telework', 'Lync', 'Telecommute', 'Digitalisation']",career/business,18,0,"(60.1666277, 24.9435079)"
105,SE,Stockholm,"['Web Design', 'Coworking', 'Entrepreneurship', 'Startup Businesses']",tech,590,4.7,"(59.3251172, 18.0710935)"
106,SE,Stockholm,"['Nightlife', 'Social Networking', 'New Technology', 'Web Technology', 'Technology', 'Coworking', 'Creative Problem Solving', 'Hacking', 'Computer programming', 'Open innovation', 'Makerspaces', 'After work', 'Hack', 'hackspaces']",tech,987,4.84,"(59.3251172, 18.0710935)"
107,SE,Stockholm,"['Small Business', 'Work At Home', 'Freelance', 'Coworking', 'Entrepreneurship', 'Startup Businesses', 'Creative Freelancers', 'Remote Workers', 'Co-Workers', 'Technology Startups', 'start-ups', 'Business Strategy and Coworking', 'Co-working Space', 'coworking space']",career/business,259,4.95,"(59.3251172, 18.0710935)"
108,SE,Stockholm,"['Coworking', 'Entrepreneurship', 'Co Working', 'Startup Businesses', 'Resource Sharing', 'Knowledge Sharing', 'Coworkers', 'Co-Workers', 'Technology Startups', 'Business Strategy and Coworking', 'Co-working Space']",career/business,133,4.93,"(59.3251172, 18.0710935)"
109,SE,Uppsala,"['Coworking', 'Professional Networking', 'Entrepreneurship', 'Startup Businesses', 'Technology Startups']",career/business,172,4.87,"(59.3251172, 18.0710935)"
110,SE,Stockholm,"['Work At Home', 'Freelance', 'Coworking', 'Entrepreneurship', 'Creative Freelancers', 'Freelancer Networking']",career/business,20,5,"(59.3251172, 18.0710935)"
111,SE,Stockholm,"['Marketing', 'Innovation', 'Software Development', 'New Technology', 'Coworking', 'Leadership', 'Women Entrepreneurs', 'Web Development', 'Entrepreneurship', 'Entrepreneur Networking', 'Startup Businesses', 'Lean Startup', 'Technology Startups', 'Internet Startups']",career/business,2145,5,"(59.3251172, 18.0710935)"
112,SE,Uppsala,"['International and Exchange Students', 'Expat', 'Language & Culture', 'Coworking', 'Entrepreneur Networking', 'Startup Businesses']",language/ethnic identity,184,5,"(59.3251172, 18.0710935)"
113,SE,Stockholm,"['Small Business', 'Freelance', 'Coworking', 'Young Professionals', 'Professional Networking', 'Small Business Marketing Strategy', 'Entrepreneurship', 'Entrepreneur Networking', 'Young Entrepreneur', 'Startup Businesses', 'Social Entrepreneurship', 'Coworkers', 'Technology Startups', 'Co-working Space', 'coworking space']",career/business,128,5,"(59.3251172, 18.0710935)"
114,PL,Warsaw,"['Tea', 'Coffee', 'Small Business', 'Social Networking', 'Coworking', 'Coffee and Tea Socials', 'Startup Businesses', 'Creative Freelancers', 'Collaboration between Creative Minds', 'Coffeehouse']",career/business,55,0,"(52.2319237, 21.0067265)"
115,PL,Warsaw,"['Work At Home', 'Web Design', 'Software Development', 'Freelance', 'Web Technology', 'Coworking', 'Web Development', 'Professional Networking', 'Entrepreneurship', 'Mobile Development', 'Creative Freelancers', 'Freelance Content Writers', 'Freelance Communication & Marketing Professionals', 'Freelancer Networking']",career/business,307,4.93,"(52.2319237, 21.0067265)"
116,FR,Paris,"['Freelance', 'Coworking', 'Courses and Workshops', 'Ruby On Rails', 'Startup Businesses', 'Crowdfunding', 'Creative Freelancers', 'Coworkers', 'Formations', 'Internet Startups', 'start-ups', 'Co-working Space', 'coworking space', 'Co-creation and Co-production', 'Peer2Peer']",career/business,355,4.59,"(48.8565056, 2.3521334)"
117,FR,Paris,"['Marketing', 'Social Networking', 'Social', 'Coworking', 'Professional Networking', 'Business Strategy', 'Entrepreneurship', 'Entrepreneur Networking', 'Startup Businesses', 'Lean Startup', 'Startup Pitching', 'Internet Startups']",career/business,753,4.67,"(48.8565056, 2.3521334)"
118,FR,Paris,"['Innovation', 'Coworking', 'Open innovation', 'Coworkers', 'Laboratory', 'Lab', 'Workplace', 'Co-working Space', 'Maker Innovation Ecosystem', 'coworking space', 'Disruptive innovation', 'Living lab', 'Ideators & Inventors & Innovators', 'Fab lab', 'Co-innovation platform']",career/business,49,0,"(48.8565056, 2.3521334)"
119,FR,Paris,"['Small Business', 'Freelance', 'Coworking', 'Entrepreneurship', 'Startup Businesses', 'Creative Freelancers', 'Sacramento Coworking', 'Coworkers', 'start-ups', 'Business Strategy and Coworking', 'Co-working Space', 'coworking space']",career/business,112,0,"(48.8565056, 2.3521334)"
120,FR,Paris,"['Small Business', 'Professional Development', 'Freelance', 'Coworking', 'Professional Networking', 'Collaboration between Creative Minds', 'Co-working Space', 'coworking space']",career/business,57,4,"(48.8565056, 2.3521334)"
121,FR,Paris,"['Innovation', 'Coworking', 'Entrepreneurship', 'Collaboration', 'Startup Businesses', 'Social Entrepreneurship', 'Sustainable Social and Economic Development', 'Knowledge Sharing', 'Makerspaces', 'Collaborative Consumption', 'Business Model Innovation & Collaboration', 'fablabs']",career/business,58,5,"(48.8565056, 2.3521334)"
122,FR,Paris,"['Innovation', 'Social Networking', 'New Technology', 'Coworking', 'Inspirational', 'Learning', 'Entrepreneurship', 'Healthy Living', 'Collaboration', 'Startup Businesses', 'Productivity', 'Creative Freelancers', 'Knowledge Sharing', 'Internet Startups', 'Business Strategy and Coworking', 'Co-working Space']",career/business,291,4.5,"(48.8565056, 2.3521334)"
123,FR,Paris,"['Small Business', 'Innovation', 'Professional Development', 'New Technology', 'Freelance', 'Internet Professionals', 'Social', 'Coworking', 'Business Strategy', 'Entrepreneurship', 'Startup Businesses', 'Coworkers', 'Technology Startups']",career/business,878,4.78,"(48.8565056, 2.3521334)"
124,FR,Guyancourt,"['Small Business', 'New Technology', 'Technology', 'Coworking', 'Entrepreneurship', 'Startup Businesses', 'Réseau Social Pour les Entrepreneurs', ""Créateurs d'entreprise"", 'Coworkers', 'Co-working Space', 'Projets entrepreneuriaux', 'coworking space']",career/business,69,0,"(48.8565056, 2.3521334)"
125,FR,Paris,"['Small Business', 'Work At Home', 'Self-Improvement', 'Expat', 'Freelance', 'Coworking', 'Professional Networking', 'Entrepreneurship', 'Entrepreneur Networking', 'Work-Life Balance', 'Collaboration', 'Workshop', 'Knowledge Sharing', 'start-ups']",career/business,75,4,"(48.8565056, 2.3521334)"
126,FR,Paris,"['Work At Home', 'Web Design', 'Graphic Design', 'Freelance', 'Coworking', 'Creative Freelancers', 'Journalism', 'Freelancer Networking']",career/business,370,5,"(48.8565056, 2.3521334)"
127,FR,Paris,"['Small Business', 'Freelance', 'Coworking', 'Professional Networking', 'Entrepreneurship', 'Collaboration', 'Startup Businesses', 'Knowledge Sharing', 'start-ups']",career/business,14,0,"(48.8565056, 2.3521334)"
128,FR,Paris,"['Work At Home', 'Social Networking', 'Freelance', 'Coworking', 'International Travel', 'Creative Freelancers', 'Translators', 'Global Nomad', 'Virtual Freelancers', 'Freelance Content Writers', 'Freelance Communication & Marketing Professionals', 'Location Independent Businesses', 'Freelancer Networking', 'Digital Nomads', 'nomads']",career/business,142,5,"(48.8565056, 2.3521334)"
129,FR,Paris,"['Web Standards', 'Web Design', 'Graphic Design', 'New Media', 'New Technology', 'Freelance', 'Coworking', 'Social Media', 'Web Development', 'Online Marketing', 'Digital Media', 'Social Media Marketing', 'Computer programming', 'Technology Startups']",tech,2370,4.78,"(48.8565056, 2.3521334)"
130,FR,Malakoff,"['Small Business', 'Coworking', 'Women Entrepreneurs', 'Professional Networking', 'Business Strategy', 'Entrepreneurship', 'Entrepreneur Networking', 'Startup Businesses', 'Lean Startup', 'Startup Pitching', 'Coworkers', 'start-ups', 'Business Strategy and Coworking', 'coworking space']",career/business,410,4.82,"(48.8565056, 2.3521334)"
131,FR,Paris,"['Photography', 'Web Design', 'Live Music', 'Freelance', 'Coworking', 'Artists', 'Start-up', 'Starting Your Own Business', 'Entrepreneurship', 'Entrepreneur Networking', 'Creative Freelancers', 'Business start up', 'Collaboration between Creative Minds', 'Co-working Space']",career/business,129,0,"(48.8565056, 2.3521334)"
132,FR,Paris,"['Small Business', 'Freelance', 'Coworking', 'Business Strategy', 'Entrepreneurship', 'Creative Freelancers', 'Incubator', 'Coworkers', 'Business Incubation', 'start-ups', 'Business Strategy and Coworking', 'coworking space']",career/business,132,4.25,"(48.8565056, 2.3521334)"
133,FR,Suresnes,"['Small Business', 'Work At Home', 'Meetup', 'Freelance', 'Coworking', 'Business Referral Networking', 'Entrepreneurship', 'Entrepreneur Networking', 'Startup Businesses', 'Collaboration between Creative Minds', 'start-ups', 'Co-working Space']",career/business,53,5,"(48.8565056, 2.3521334)"
134,FR,Paris,"['Technology', 'Coworking', 'Online Marketing', 'Business Development', 'Silicon Valley', 'Entrepreneurship', 'Angel Investors', 'Venture Capital', 'Startup Pitching', 'Technology Startups', 'Internet Startups', 'start-ups', 'Startup Accelerators']",career/business,373,5,"(48.8565056, 2.3521334)"
135,FR,Paris,"['Work at Home Moms', 'Working Moms', 'Coworking', 'Women Entrepreneurs', 'Family', 'Entrepreneurship', 'Entrepreneur Networking', 'Startup Businesses', 'Creative Freelancers', 'Professional Women', 'Women ""StartUp"" Entrepreneurs', 'Technology Startups', 'Active Parents']",parents/family,288,4,"(48.8565056, 2.3521334)"
136,FR,Amiens,"['Small Business', 'Business Activists', 'Freelance', 'Coworking', 'Professional Networking', 'Entrepreneurship', 'Entrepreneur Networking', 'Young Entrepreneur', 'Startup Businesses', 'Social Entrepreneurship', 'Coworkers', 'start-ups', 'Co-working Space', 'coworking space', 'Freelancer Networking']",career/business,89,4.67,"(48.8565056, 2.3521334)"
137,FR,Paris,"['Small Business', 'Parents', 'Working Moms', 'Coworking', 'Family', 'Entrepreneurship', 'Creative Freelancers', 'Coworkers', 'start-ups', 'Co-working Space', 'coworking space']",career/business,38,5,"(48.8565056, 2.3521334)"
138,FR,Paris,"['Work At Home', 'Freelance', 'Coworking', 'Professional Networking', 'Entrepreneurship', 'Startup Businesses', 'Creative Freelancers', 'Collaboration between Creative Minds', 'Freelance Content Writers', 'Freelance Communication & Marketing Professionals', 'Freelance Journalists', 'women freelance writers', 'Co-working Space', 'Freelancer Networking']",career/business,109,4.64,"(48.8565056, 2.3521334)"
139,FR,Paris,"['Small Business', 'Work At Home', 'Graphic Design', 'Professional Development', 'Social Networking', 'Freelance', 'Coworking', 'Information Technology', 'Web Development', 'Professional Networking', 'Entrepreneurship', 'Entrepreneur Networking', 'Startup Businesses', 'Creative Freelancers']",career/business,612,4.31,"(48.8565056, 2.3521334)"
140,FR,Paris,"['Small Business', 'Nutrition', 'Coworking', 'Healthy Eating', 'Entrepreneurship', 'Entrepreneur Networking', 'Urban Gardening', 'local', 'Sustainable Development', 'Projets engagés & citoyens', 'Entrepreneuriat écologique et social', 'Économie sociale et solidaire', 'Circuits courts', 'Implication locale']",career/business,64,5,"(48.8565056, 2.3521334)"
141,FR,Paris,"['Small Business', 'E-Business Owners', 'Innovation', 'Business', 'Business Coaching', 'Coworking', 'Business Referral Networking', 'Women Entrepreneurs', 'Business Strategy', 'Entrepreneurship', 'Small Business Networking', 'Small Business Owners', 'Startup Businesses', 'Women Small Business Owners', 'Executive Coaching']",career/business,38,0,"(48.8565056, 2.3521334)"
142,FR,Paris,"['Work At Home', 'Freelance', 'Coworking', 'Coffee Lovers', 'Networking for Job Seekers', 'Coworkers', 'Coffee Shops']",career/business,239,4.79,"(48.8565056, 2.3521334)"
143,FR,Villeneuve-Saint-Georges,"['Self-Improvement', 'Professional Development', 'Work at Home Moms', 'Freelance', 'Working Moms', 'Coworking', 'Women Entrepreneurs', 'Professional Networking', 'Business Strategy', 'Business Development', 'Entrepreneurship', 'Entrepreneur Networking']",career/business,26,0,"(48.8565056, 2.3521334)"
144,FR,Mennecy,"['Small Business', 'Social Networking', 'Freelance', ""Women's Social"", 'Coworking', 'Women Entrepreneurs', 'Professional Networking', 'Small Business Marketing Strategy', 'Personal Branding', 'Entrepreneurship', 'Entrepreneur Networking']",career/business,19,4.67,"(48.8565056, 2.3521334)"
145,FR,Paris,"['Freelance', 'Coworking', 'Women Entrepreneurs', 'Professional Networking', 'Entrepreneurship', 'Entrepreneur Networking', 'Startup Businesses', 'Lean Startup', 'Startup Pitching', 'Coworkers', 'Technology Startups', 'start-ups', 'Co-working Space', 'coworking space']",career/business,57,0,"(48.8565056, 2.3521334)"
